SIRUTA;county;LHDI2018;IDUL2018quintile;hcapmat18;hconectint18;hrsm18;POPD2018;Cultarea18;LOCALITATE;SIRINF
54975;CLUJ;80,1;5;80,5;98,5;26,9;32367;5;CLUJ-NAPOCA;54984
57706;CLUJ;80;5;74,1;127,6;38,4;35148;5;FLORESTI;57715
57706;CLUJ;80;5;74,1;127,6;38,4;35148;5;LUNA DE SUS;57724
57706;CLUJ;80;5;74,1;127,6;38,4;35148;5;TAUTI;57733
58259;CLUJ;77;5;86,4;75,2;34,5;4454;5;JUCU DE SUS;58268
58259;CLUJ;77;5;86,4;75,2;34,5;4454;5;GADALIN;58277
58259;CLUJ;77;5;86,4;75,2;34,5;4454;5;JUC-HERGHELIE;58286
58259;CLUJ;77;5;86,4;75,2;34,5;4454;5;JUCU DE MIJLOC;58295
58259;CLUJ;77;5;86,4;75,2;34,5;4454;5;VISEA;58302
55687;CLUJ;76,6;5;81,8;86,6;41,1;13217;5;APAHIDA;55696
55687;CLUJ;76,6;5;81,8;86,6;41,1;13217;5;BODROG;55703
55687;CLUJ;76,6;5;81,8;86,6;41,1;13217;5;CIMPENESTI;55712
55687;CLUJ;76,6;5;81,8;86,6;41,1;13217;5;CORPADEA;55721
55687;CLUJ;76,6;5;81,8;86,6;41,1;13217;5;DEZMIR;55730
55687;CLUJ;76,6;5;81,8;86,6;41,1;13217;5;PATA;55749
55687;CLUJ;76,6;5;81,8;86,6;41,1;13217;5;SINNICOARA;55758
55687;CLUJ;76,6;5;81,8;86,6;41,1;13217;5;SUB COASTA;55767
57582;CLUJ;74,9;5;76,9;87,3;35,6;3953;5;FELEACU;57591
57582;CLUJ;74,9;5;76,9;87,3;35,6;3953;5;CASELE MICESTI;57608
57582;CLUJ;74,9;5;76,9;87,3;35,6;3953;5;GHEORGHIENI;57617
57582;CLUJ;74,9;5;76,9;87,3;35,6;3953;5;SARADIS;57626
57582;CLUJ;74,9;5;76,9;87,3;35,6;3953;5;VILCELE;57635
57902;CLUJ;72;5;76,1;66,3;15,2;8863;5;GILAU;57911
57902;CLUJ;72;5;76,1;66,3;15,2;8863;5;SOMESU CALD;57920
57902;CLUJ;72;5;76,1;66,3;15,2;8863;5;SOMESU RECE;57939
55838;CLUJ;71,8;5;70,5;85,7;32,6;11526;5;BACIU;55847
55838;CLUJ;71,8;5;70,5;85,7;32,6;11526;5;CORUSU;55856
55838;CLUJ;71,8;5;70,5;85,7;32,6;11526;5;MERA;55865
55838;CLUJ;71,8;5;70,5;85,7;32,6;11526;5;POPESTI;55874
55838;CLUJ;71,8;5;70,5;85,7;32,6;11526;5;RADAIA;55883
55838;CLUJ;71,8;5;70,5;85,7;32,6;11526;5;SALISTEA NOUA;55892
55838;CLUJ;71,8;5;70,5;85,7;32,6;11526;5;SUCEAGU;55909
55008;CLUJ;68,6;5;73,9;69,6;40,1;38467;5;DEJ;55017
55008;CLUJ;68,6;5;73,9;69,6;40,1;38467;5;OCNA DEJULUI;55026
55008;CLUJ;68,6;5;73,9;69,6;40,1;38467;5;PINTIC;55044
55008;CLUJ;68,6;5;73,9;69,6;40,1;38467;5;SOMCUTU MIC;55053
55062;CLUJ;68,6;5;75,6;67,6;42,3;3019;5;CUZDRIOARA;55071
55062;CLUJ;68,6;5;75,6;67,6;42,3;3019;5;MANASTUREL;55080
55062;CLUJ;68,6;5;75,6;67,6;42,3;3019;5;VALEA GIRBOULUI;55099
55598;CLUJ;67,6;5;70,3;76,3;49,4;1019;5;AITON;55605
55598;CLUJ;67,6;5;70,3;76,3;49,4;1019;5;REDIU;55614
59764;CLUJ;66,6;5;73,9;66,3;49,6;2217;5;TURENI;59773
59764;CLUJ;66,6;5;73,9;66,3;49,6;2217;5;CEANU MIC;59782
59764;CLUJ;66,6;5;73,9;66,3;49,6;2217;5;COMSESTI;59791
59764;CLUJ;66,6;5;73,9;66,3;49,6;2217;5;MARTINESTI;59808
59764;CLUJ;66,6;5;73,9;66,3;49,6;2217;5;MICESTI;59817
55277;CLUJ;66,4;5;76,6;62,8;53,8;5755;5;MIHAI VITEAZU;55286
55277;CLUJ;66,4;5;76,6;62,8;53,8;5755;5;CHEIA;55295
55277;CLUJ;66,4;5;76,6;62,8;53,8;5755;5;CORNESTI;55302
58311;CLUJ;65,9;5;71,2;68,2;49,1;4683;5;LUNA;58320
58311;CLUJ;65,9;5;71,2;68,2;49,1;4683;5;GLIGORESTI;58339
58311;CLUJ;65,9;5;71,2;68,2;49,1;4683;5;LUNCANI;58348
56988;CLUJ;65,6;5;74,8;59,3;40,8;3294;5;CHINTENI;56997
56988;CLUJ;65,6;5;74,8;59,3;40,8;3294;5;DEUSU;57001
56988;CLUJ;65,6;5;74,8;59,3;40,8;3294;5;FEIURDENI;57010
56988;CLUJ;65,6;5;74,8;59,3;40,8;3294;5;MACICASU;57029
56988;CLUJ;65,6;5;74,8;59,3;40,8;3294;5;PADURENI;57038
56988;CLUJ;65,6;5;74,8;59,3;40,8;3294;5;SATU LUNG;57047
56988;CLUJ;65,6;5;74,8;59,3;40,8;3294;5;SALISTEA VECHE;57056
56988;CLUJ;65,6;5;74,8;59,3;40,8;3294;5;SINMARTIN;57065
56988;CLUJ;65,6;5;74,8;59,3;40,8;3294;5;VECHEA;57074
55384;CLUJ;65;5;66,2;67;31,1;23138;5;GHERLA;55393
55384;CLUJ;65;5;66,2;67;31,1;23138;5;BAITA;55400
55384;CLUJ;65;5;66,2;67;31,1;23138;5;HASDATE;55419
55384;CLUJ;65;5;66,2;67;31,1;23138;5;SILIVAS;55428
55259;CLUJ;63,9;5;68,8;64,9;47;56192;5;TURDA;55268
55357;CLUJ;63,5;5;68,5;61,2;37,4;27903;5;CAMPIA TURZII;55366
58142;CLUJ;63,4;5;67,6;62,4;38,5;4358;5;ICLOD;58151
58142;CLUJ;63,4;5;67,6;62,4;38,5;4358;5;FUNDATURA;58160
58142;CLUJ;63,4;5;67,6;62,4;38,5;4358;5;ICLOZEL;58179
58142;CLUJ;63,4;5;67,6;62,4;38,5;4358;5;LIVADA;58188
58142;CLUJ;63,4;5;67,6;62,4;38,5;4358;5;ORMAN;58197
55311;CLUJ;63,2;5;73,7;56,2;47,5;2043;5;SANDULESTI;55320
55311;CLUJ;63,2;5;73,7;56,2;47,5;2043;5;COPACENI;55339
59327;CLUJ;62,8;5;69,5;62,2;52,1;4131;5;SAVADISLA;59336
59327;CLUJ;62,8;5;69,5;62,2;52,1;4131;5;FINISEL;59345
59327;CLUJ;62,8;5;69,5;62,2;52,1;4131;5;HASDATE;59354
59327;CLUJ;62,8;5;69,5;62,2;52,1;4131;5;LITA;59363
59327;CLUJ;62,8;5;69,5;62,2;52,1;4131;5;LITENI;59372
59327;CLUJ;62,8;5;69,5;62,2;52,1;4131;5;STOLNA;59381
59327;CLUJ;62,8;5;69,5;62,2;52,1;4131;5;VALISOARA;59390
59327;CLUJ;62,8;5;69,5;62,2;52,1;4131;5;VLAHA;59407
56844;CLUJ;62,1;5;65,6;62,9;42,1;3831;5;CEANU MARE;56853
56844;CLUJ;62,1;5;65,6;62,9;42,1;3831;5;BOIAN;56871
56844;CLUJ;62,1;5;65,6;62,9;42,1;3831;5;BOLDUT;56880
56844;CLUJ;62,1;5;65,6;62,9;42,1;3831;5;CIURGAU;56899
56844;CLUJ;62,1;5;65,6;62,9;42,1;3831;5;DOSU NAPULUI;56906
56844;CLUJ;62,1;5;65,6;62,9;42,1;3831;5;FINATE;56915
56844;CLUJ;62,1;5;65,6;62,9;42,1;3831;5;HODAI BOIAN;56924
56844;CLUJ;62,1;5;65,6;62,9;42,1;3831;5;IACOBENI;56933
56844;CLUJ;62,1;5;65,6;62,9;42,1;3831;5;MORTESTI;56942
56844;CLUJ;62,1;5;65,6;62,9;42,1;3831;5;STIRCU;56951
56844;CLUJ;62,1;5;65,6;62,9;42,1;3831;5;STRUCUT;56960
56844;CLUJ;62,1;5;65,6;62,9;42,1;3831;5;VALEA LUI CATI;56979
60062;CLUJ;62;5;71,5;54,4;41,4;5969;5;VIISOARA;60071
60062;CLUJ;62;5;71,5;54,4;41,4;5969;5;URCA;60080
59416;CLUJ;61,2;5;70,6;55;47,5;2351;5;SIC;59425
55106;CLUJ;61,1;5;66,8;55,7;33,5;1153;5;JICHISU DE JOS;55115
55106;CLUJ;61,1;5;66,8;55,7;33,5;1153;5;CODOR;55124
55106;CLUJ;61,1;5;66,8;55,7;33,5;1153;5;JICHISU DE SUS;55133
55106;CLUJ;61,1;5;66,8;55,7;33,5;1153;5;SIGAU;55142
55106;CLUJ;61,1;5;66,8;55,7;33,5;1153;5;TARPIU;55151
57314;CLUJ;60,7;5;68,1;61;63;2306;5;CATCAU;57323
57314;CLUJ;60,7;5;68,1;61;63;2306;5;MUNCEL;57332
57314;CLUJ;60,7;5;68,1;61;63;2306;5;SALISCA;57341
57742;CLUJ;60,2;5;60,7;60,8;31,5;4031;5;FRATA;57751
57742;CLUJ;60,2;5;60,7;60,8;31,5;4031;5;BERCHIESU;57760
57742;CLUJ;60,2;5;60,7;60,8;31,5;4031;5;OAS;57779
57742;CLUJ;60,2;5;60,7;60,8;31,5;4031;5;OLARIU;57788
57742;CLUJ;60,2;5;60,7;60,8;31,5;4031;5;PADUREA IACOBENI;57797
57742;CLUJ;60,2;5;60,7;60,8;31,5;4031;5;POIANA FRATII;57804
57742;CLUJ;60,2;5;60,7;60,8;31,5;4031;5;RAZOARE;57813
57742;CLUJ;60,2;5;60,7;60,8;31,5;4031;5;SOPORU DE CAMPIE;57822
57644;CLUJ;59,9;5;66,1;52,6;30,4;2647;5;FIZESU GHERLII;57653
57644;CLUJ;59,9;5;66,1;52,6;30,4;2647;5;BONT;57662
57644;CLUJ;59,9;5;66,1;52,6;30,4;2647;5;NICULA;57680
57644;CLUJ;59,9;5;66,1;52,6;30,4;2647;5;SACALAIA;57699
58721;CLUJ;59,4;5;62;58,2;36;3228;5;MOLDOVENESTI;58730
58721;CLUJ;59,4;5;62;58,2;36;3228;5;BADENI;58749
58721;CLUJ;59,4;5;62;58,2;36;3228;5;PIETROASA;58758
58721;CLUJ;59,4;5;62;58,2;36;3228;5;PLAIESTI;58767
58721;CLUJ;59,4;5;62;58,2;36;3228;5;PODENI;58776
58721;CLUJ;59,4;5;62;58,2;36;3228;5;STEJERIS;58785
56210;CLUJ;59,4;5;62,9;62;52,9;4885;5;BONTIDA;56229
56210;CLUJ;59,4;5;62,9;62;52,9;4885;5;COASTA;56238
56210;CLUJ;59,4;5;62,9;62;52,9;4885;5;RASCRUCI;56247
56210;CLUJ;59,4;5;62,9;62;52,9;4885;5;TAUSENI;56256
57948;CLUJ;59;5;57,9;64,9;41,1;2315;5;GARBAU;57957
57948;CLUJ;59;5;57,9;64,9;41,1;2315;5;CORNESTI;57966
57948;CLUJ;59;5;57,9;64,9;41,1;2315;5;NADASELU;57975
57948;CLUJ;59;5;57,9;64,9;41,1;2315;5;VISTEA;57984
57948;CLUJ;59;5;57,9;64,9;41,1;2315;5;TUREA;57993
59826;CLUJ;58,9;5;64;54,8;37,5;1771;5;TAGA;59835
59826;CLUJ;58,9;5;64;54,8;37,5;1771;5;NASAL;59844
59826;CLUJ;58,9;5;64;54,8;37,5;1771;5;SINTEJUDE;59853
59826;CLUJ;58,9;5;64;54,8;37,5;1771;5;SINTEJUDE VALE;59862
59826;CLUJ;58,9;5;64;54,8;37,5;1771;5;SINTIOANA;59871
56666;CLUJ;58,2;5;66,6;54,5;55,7;4773;5;CASEIU;56675
56666;CLUJ;58,2;5;66,6;54,5;55,7;4773;5;COMORITA;56684
56666;CLUJ;58,2;5;66,6;54,5;55,7;4773;5;COPLEAN;56693
56666;CLUJ;58,2;5;66,6;54,5;55,7;4773;5;CUSTURA;56700
56666;CLUJ;58,2;5;66,6;54,5;55,7;4773;5;GIRBAU DEJULUI;56719
56666;CLUJ;58,2;5;66,6;54,5;55,7;4773;5;GUGA;56728
56666;CLUJ;58,2;5;66,6;54,5;55,7;4773;5;LEURDA;56737
56666;CLUJ;58,2;5;66,6;54,5;55,7;4773;5;RUGASESTI;56746
56666;CLUJ;58,2;5;66,6;54,5;55,7;4773;5;SALATRUC;56755
56666;CLUJ;58,2;5;66,6;54,5;55,7;4773;5;URISOR;56764
56425;CLUJ;58,1;5;68,8;48,3;39,9;2402;5;CALARASI;56434
56425;CLUJ;58,1;5;68,8;48,3;39,9;2402;5;BOGATA;56443
56425;CLUJ;58,1;5;68,8;48,3;39,9;2402;5;CALARASI-GARA;56452
59693;CLUJ;57,8;4;67,9;51,1;51;4636;5;TRITENII DE JOS;59700
59693;CLUJ;57,8;4;67,9;51,1;51;4636;5;CLAPA;59719
59693;CLUJ;57,8;4;67,9;51,1;51;4636;5;COLONIA;59728
59693;CLUJ;57,8;4;67,9;51,1;51;4636;5;PADURENI;59737
59693;CLUJ;57,8;4;67,9;51,1;51;4636;5;TRITENII DE SUS;59746
59693;CLUJ;57,8;4;67,9;51,1;51;4636;5;TRITENII-HOTAR;59755
58204;CLUJ;57,4;4;59,4;61,1;52,2;1502;5;IZVORU CRISULUI;58213
58204;CLUJ;57,4;4;59,4;61,1;52,2;1502;5;NADASU;58222
58204;CLUJ;57,4;4;59,4;61,1;52,2;1502;5;NEARSOVA;58231
58204;CLUJ;57,4;4;59,4;61,1;52,2;1502;5;SAULA;58240
58552;CLUJ;57,4;4;64,1;52,1;41;3845;5;MINTIU GHERLII;58561
58552;CLUJ;57,4;4;64,1;52,1;41;3845;5;BUNESTI;58570
58552;CLUJ;57,4;4;64,1;52,1;41;3845;5;NIMA;58589
58552;CLUJ;57,4;4;64,1;52,1;41;3845;5;PADURENII;58598
58552;CLUJ;57,4;4;64,1;52,1;41;3845;5;PETRESTI;58605
58552;CLUJ;57,4;4;64,1;52,1;41;3845;5;SALATIU;58614
55446;CLUJ;57,2;4;58,8;58,5;42,4;9595;5;HUEDIN;55455
55446;CLUJ;57,2;4;58,8;58,5;42,4;9595;5;BICALATU;55464
56354;CLUJ;56,9;4;48,6;71,8;37,2;2376;5;CAIANU;56363
56354;CLUJ;56,9;4;48,6;71,8;37,2;2376;5;BARAI;56372
56354;CLUJ;56,9;4;48,6;71,8;37,2;2376;5;CAIANU MIC;56381
56354;CLUJ;56,9;4;48,6;71,8;37,2;2376;5;CAIANU-VAMA;56390
56354;CLUJ;56,9;4;48,6;71,8;37,2;2376;5;VAIDA-CAMARAS;56407
56354;CLUJ;56,9;4;48,6;71,8;37,2;2376;5;VALENI;56416
57350;CLUJ;56,7;4;57,2;59,1;40,7;4207;5;COJOCNA;57369
57350;CLUJ;56,7;4;57,2;59,1;40,7;4207;5;BOJ-CATUN;57378
57350;CLUJ;56,7;4;57,2;59,1;40,7;4207;5;BOJU;57387
57350;CLUJ;56,7;4;57,2;59,1;40,7;4207;5;CARA;57396
57350;CLUJ;56,7;4;57,2;59,1;40,7;4207;5;HUCI;57403
57350;CLUJ;56,7;4;57,2;59,1;40,7;4207;5;IURIU DE CIMPIE;57412
57350;CLUJ;56,7;4;57,2;59,1;40,7;4207;5;MORISTI;57421
57350;CLUJ;56,7;4;57,2;59,1;40,7;4207;5;STRAJA;57430
57225;CLUJ;56,7;4;59;56,1;39,6;1481;5;CIURILA;57234
57225;CLUJ;56,7;4;59;56,1;39,6;1481;5;FILEA DE JOS;57243
57225;CLUJ;56,7;4;59;56,1;39,6;1481;5;FILEA DE SUS;57252
57225;CLUJ;56,7;4;59;56,1;39,6;1481;5;PADURENI;57261
57225;CLUJ;56,7;4;59;56,1;39,6;1481;5;PRUNIS;57270
57225;CLUJ;56,7;4;59;56,1;39,6;1481;5;SALICEA;57289
57225;CLUJ;56,7;4;59;56,1;39,6;1481;5;SALISTE;57298
57225;CLUJ;56,7;4;59;56,1;39,6;1481;5;SUTU;57305
56568;CLUJ;56,1;4;55,2;61,8;46,5;3042;5;CAPUSU MARE;56577
56568;CLUJ;56,1;4;55,2;61,8;46,5;3042;5;AGIRBICIU;56586
56568;CLUJ;56,1;4;55,2;61,8;46,5;3042;5;BALCESTI;56595
56568;CLUJ;56,1;4;55,2;61,8;46,5;3042;5;CAPUSU MIC;56602
56568;CLUJ;56,1;4;55,2;61,8;46,5;3042;5;DINGAU MARE;56611
56568;CLUJ;56,1;4;55,2;61,8;46,5;3042;5;DINGAU MIC;56620
56568;CLUJ;56,1;4;55,2;61,8;46,5;3042;5;DUMBRAVA;56639
56568;CLUJ;56,1;4;55,2;61,8;46,5;3042;5;PANICENI;56648
56568;CLUJ;56,1;4;55,2;61,8;46,5;3042;5;STRAJA;56657
56327;CLUJ;55,9;4;68,3;43,3;33,4;1241;5;BUZA;56336
56327;CLUJ;55,9;4;68,3;43,3;33,4;1241;5;ROTUNDA;56345
58393;CLUJ;55,9;4;54,4;64,4;53,1;1395;5;MANASTIRENI;58400
58393;CLUJ;55,9;4;54,4;64,4;53,1;1395;5;ARDEOVA;58419
58393;CLUJ;55,9;4;54,4;64,4;53,1;1395;5;BEDECIU;58428
58393;CLUJ;55,9;4;54,4;64,4;53,1;1395;5;BICA;58437
58393;CLUJ;55,9;4;54,4;64,4;53,1;1395;5;DRETEA;58446
58393;CLUJ;55,9;4;54,4;64,4;53,1;1395;5;MANASTURU ROMANESC;58455
59657;CLUJ;55,6;4;47,5;70,6;40,7;1620;5;SUATU;59666
59657;CLUJ;55,6;4;47,5;70,6;40,7;1620;5;ARUNCUTA;59675
59657;CLUJ;55,6;4;47,5;70,6;40,7;1620;5;DIMBURILE;59684
55160;CLUJ;55,4;4;53,3;65,5;56,9;3609;5;MICA;55179
55160;CLUJ;55,4;4;53,3;65,5;56,9;3609;5;DIMBU MARE;55188
55160;CLUJ;55,4;4;53,3;65,5;56,9;3609;5;MANASTIREA;55197
55160;CLUJ;55,4;4;53,3;65,5;56,9;3609;5;NIRES;55204
55160;CLUJ;55,4;4;53,3;65,5;56,9;3609;5;SINMARGHITA;55213
55160;CLUJ;55,4;4;53,3;65,5;56,9;3609;5;VALEA CIRESOII;55222
55160;CLUJ;55,4;4;53,3;65,5;56,9;3609;5;VALEA LUNCII;55231
57831;CLUJ;55;4;60,5;52,9;49,6;1502;5;GEACA;57840
57831;CLUJ;55;4;60,5;52,9;49,6;1502;5;CHIRIS;57859
57831;CLUJ;55;4;60,5;52,9;49,6;1502;5;LACU;57868
57831;CLUJ;55;4;60,5;52,9;49,6;1502;5;LEGII;57877
57831;CLUJ;55;4;60,5;52,9;49,6;1502;5;PUINI;57886
57831;CLUJ;55;4;60,5;52,9;49,6;1502;5;SUCUTARD;57895
56265;CLUJ;54,7;4;53,1;57,8;36,6;1358;5;BORSA;56274
56265;CLUJ;54,7;4;53,1;57,8;36,6;1358;5;BORSA-CATUN;56283
56265;CLUJ;54,7;4;53,1;57,8;36,6;1358;5;CIUMAFAIA;56309
56265;CLUJ;54,7;4;53,1;57,8;36,6;1358;5;GIULA;56318
56773;CLUJ;54,5;4;62;48,7;43,5;1793;5;CATINA;56782
56773;CLUJ;54,5;4;62;48,7;43,5;1793;5;COPRU;56791
56773;CLUJ;54,5;4;62;48,7;43,5;1793;5;FELDIOARA;56808
56773;CLUJ;54,5;4;62;48,7;43,5;1793;5;HAGAU;56817
56773;CLUJ;54,5;4;62;48,7;43,5;1793;5;HODAIE;56826
56773;CLUJ;54,5;4;62;48,7;43,5;1793;5;VALEA CALDA;56835
58623;CLUJ;53,5;4;53,9;57,8;51,3;3265;5;MOCIU;58632
58623;CLUJ;53,5;4;53,9;57,8;51,3;3265;5;BOTENI;58641
58623;CLUJ;53,5;4;53,9;57,8;51,3;3265;5;CHESAU;58650
58623;CLUJ;53,5;4;53,9;57,8;51,3;3265;5;CRISENI;58669
58623;CLUJ;53,5;4;53,9;57,8;51,3;3265;5;FALCA;58678
58623;CLUJ;53,5;4;53,9;57,8;51,3;3265;5;GHIRISU ROMAN;58687
58623;CLUJ;53,5;4;53,9;57,8;51,3;3265;5;ROSIENI;58696
58623;CLUJ;53,5;4;53,9;57,8;51,3;3265;5;TURMASI;58703
58623;CLUJ;53,5;4;53,9;57,8;51,3;3265;5;ZORENII DE VALE;58712
57546;CLUJ;53,4;4;50,2;64,5;58,5;1382;5;DABACA;57555
57546;CLUJ;53,4;4;50,2;64,5;58,5;1382;5;LUNA DE JOS;57564
57546;CLUJ;53,4;4;50,2;64,5;58,5;1382;5;PIGLISA;57573
59880;CLUJ;53,3;4;57;53,3;50,9;2659;5;UNGURAS;59899
59880;CLUJ;53,3;4;57;53,3;50,9;2659;5;BATIN;59906
59880;CLUJ;53,3;4;57;53,3;50,9;2659;5;DAROT;59915
59880;CLUJ;53,3;4;57;53,3;50,9;2659;5;SICFA;59924
59880;CLUJ;53,3;4;57;53,3;50,9;2659;5;VALEA UNGURASULUI;59933
55473;CLUJ;53,1;4;51,2;59,9;50,6;6695;5;AGHIRESU;55482
55473;CLUJ;53,1;4;51,2;59,9;50,6;6695;5;AGHIRESU-FABRICI;55491
55473;CLUJ;53,1;4;51,2;59,9;50,6;6695;5;ARGHISU;55507
55473;CLUJ;53,1;4;51,2;59,9;50,6;6695;5;BAGARA;55516
55473;CLUJ;53,1;4;51,2;59,9;50,6;6695;5;DINCU;55525
55473;CLUJ;53,1;4;51,2;59,9;50,6;6695;5;DOROLTU;55534
55473;CLUJ;53,1;4;51,2;59,9;50,6;6695;5;INUCU;55543
55473;CLUJ;53,1;4;51,2;59,9;50,6;6695;5;LEGHIA;55552
55473;CLUJ;53,1;4;51,2;59,9;50,6;6695;5;MACAU;55561
55473;CLUJ;53,1;4;51,2;59,9;50,6;6695;5;TICU;55570
55473;CLUJ;53,1;4;51,2;59,9;50,6;6695;5;TICU-COLONIE;55589
58534;CLUJ;52,2;4;59,7;46,4;43,6;1560;5;MARISEL;58543
59041;CLUJ;52,1;4;53,6;53,4;47,6;4923;5;POIENI;59050
59041;CLUJ;52,1;4;53,6;53,4;47,6;4923;5;BOLOGA;59069
59041;CLUJ;52,1;4;53,6;53,4;47,6;4923;5;CERBESTI;59078
59041;CLUJ;52,1;4;53,6;53,4;47,6;4923;5;HODISU;59087
59041;CLUJ;52,1;4;53,6;53,4;47,6;4923;5;LUNCA VISAGULUI;59096
59041;CLUJ;52,1;4;53,6;53,4;47,6;4923;5;MORLACA;59103
59041;CLUJ;52,1;4;53,6;53,4;47,6;4923;5;TRANISU;59112
59041;CLUJ;52,1;4;53,6;53,4;47,6;4923;5;VALEA DRAGANULUI;59121
57083;CLUJ;51,7;4;54;53,5;53,2;2457;5;CHIUIESTI;57092
57083;CLUJ;51,7;4;54;53,5;53,2;2457;5;DOSU BRICII;57109
57083;CLUJ;51,7;4;54;53,5;53,2;2457;5;HUTA;57118
57083;CLUJ;51,7;4;54;53,5;53,2;2457;5;MAGOAJA;57127
57083;CLUJ;51,7;4;54;53,5;53,2;2457;5;STRIMBU;57136
57083;CLUJ;51,7;4;54;53,5;53,2;2457;5;VALEA CASEIELULUI;57145
57083;CLUJ;51,7;4;54;53,5;53,2;2457;5;VALEA LUI OPRIS;57154
60169;CLUJ;50,8;4;50,9;53,9;48,4;2363;5;BUCEA;57181
60169;CLUJ;50,8;4;50,9;53,9;48,4;2363;5;NEGRENI;57190
60169;CLUJ;50,8;4;50,9;53,9;48,4;2363;5;PRELUCELE;57207
60099;CLUJ;50,6;4;55,6;50,6;60,5;1345;5;VULTURENI;60106
60099;CLUJ;50,6;4;55,6;50,6;60,5;1345;5;BABUTIU;60115
60099;CLUJ;50,6;4;55,6;50,6;60,5;1345;5;BADESTI;60124
60099;CLUJ;50,6;4;55,6;50,6;60,5;1345;5;CHIDEA;60133
60099;CLUJ;50,6;4;55,6;50,6;60,5;1345;5;FAURENI;60142
60099;CLUJ;50,6;4;55,6;50,6;60,5;1345;5;SOIMENI;60151
58464;CLUJ;50,4;4;57,5;45,8;47,5;1598;5;MARGAU;58473
58464;CLUJ;50,4;4;57,5;45,8;47,5;1598;5;BOCIU;58482
58464;CLUJ;50,4;4;57,5;45,8;47,5;1598;5;BUTENI;58491
58464;CLUJ;50,4;4;57,5;45,8;47,5;1598;5;CIULENI;58507
58464;CLUJ;50,4;4;57,5;45,8;47,5;1598;5;RACHITELE;58516
58464;CLUJ;50,4;4;57,5;45,8;47,5;1598;5;SCRIND-FRASINET;58525
57163;CLUJ;50,3;4;57,7;45,5;47,4;1534;5;CIUCEA;57172
57163;CLUJ;50,3;4;57,7;45,5;47,4;1534;5;VANATORI;57216
56461;CLUJ;49,8;4;56,8;45,2;47,3;2462;5;CALATELE;56470
56461;CLUJ;49,8;4;56,8;45,2;47,3;2462;5;CALATA;56489
56461;CLUJ;49,8;4;56,8;45,2;47,3;2462;5;DEALU NEGRU;56498
56461;CLUJ;49,8;4;56,8;45,2;47,3;2462;5;FINCIU;56504
56461;CLUJ;49,8;4;56,8;45,2;47,3;2462;5;VALENI;56513
59434;CLUJ;49,6;4;53,8;46,8;42,1;1562;5;SANCRAIU;59443
59434;CLUJ;49,6;4;53,8;46,8;42,1;1562;5;ALUNISU;59452
59434;CLUJ;49,6;4;53,8;46,8;42,1;1562;5;BRAISORU;59461
59434;CLUJ;49,6;4;53,8;46,8;42,1;1562;5;DOMOSU;59470
59434;CLUJ;49,6;4;53,8;46,8;42,1;1562;5;HORLACEA;59489
57449;CLUJ;49,6;3;48,5;50,7;35,7;1341;5;CORNESTI;57458
57449;CLUJ;49,6;3;48,5;50,7;35,7;1341;5;BIRLEA;57467
57449;CLUJ;49,6;3;48,5;50,7;35,7;1341;5;IGRITIA;57476
57449;CLUJ;49,6;3;48,5;50,7;35,7;1341;5;LUJERDIU;57485
57449;CLUJ;49,6;3;48,5;50,7;35,7;1341;5;MORAU;57494
57449;CLUJ;49,6;3;48,5;50,7;35,7;1341;5;STOIANA;57500
57449;CLUJ;49,6;3;48,5;50,7;35,7;1341;5;TIOCU DE JOS;57519
57449;CLUJ;49,6;3;48,5;50,7;35,7;1341;5;TIOCU DE SUS;57528
57449;CLUJ;49,6;3;48,5;50,7;35,7;1341;5;TIOLTIUR;57537
59942;CLUJ;49,5;3;57,3;43,9;44,9;1987;5;VAD;59951
59942;CLUJ;49,5;3;57,3;43,9;44,9;1987;5;BOGATA DE JOS;59960
59942;CLUJ;49,5;3;57,3;43,9;44,9;1987;5;BOGATA DE SUS;59979
59942;CLUJ;49,5;3;57,3;43,9;44,9;1987;5;CALNA;59988
59942;CLUJ;49,5;3;57,3;43,9;44,9;1987;5;CETAN;59997
59942;CLUJ;49,5;3;57,3;43,9;44,9;1987;5;CURTUIUSU DEJULUI;60008
59942;CLUJ;49,5;3;57,3;43,9;44,9;1987;5;VALEA GROSILOR;60017
58794;CLUJ;47,8;3;51,9;44,3;37,7;1102;5;PALATCA;58801
58794;CLUJ;47,8;3;51,9;44,3;37,7;1102;5;BAGACIU;58810
58794;CLUJ;47,8;3;51,9;44,3;37,7;1102;5;MURESENII DE CIMPIE;58829
58794;CLUJ;47,8;3;51,9;44,3;37,7;1102;5;PETEA;58838
58794;CLUJ;47,8;3;51,9;44,3;37,7;1102;5;SAVA;58847
55918;CLUJ;47,5;3;56,2;40,5;38,9;2020;5;BAISOARA;55927
55918;CLUJ;47,5;3;56,2;40,5;38,9;2020;5;FRASINET;55936
55918;CLUJ;47,5;3;56,2;40,5;38,9;2020;5;MOARA DE PADURE;55945
55918;CLUJ;47,5;3;56,2;40,5;38,9;2020;5;MUNTELE BAISORII;55954
55918;CLUJ;47,5;3;56,2;40,5;38,9;2020;5;MUNTELE BOCULUI;55963
55918;CLUJ;47,5;3;56,2;40,5;38,9;2020;5;MUNTELE CACOVEI;55972
55918;CLUJ;47,5;3;56,2;40,5;38,9;2020;5;MUNTELE FILII;55981
55918;CLUJ;47,5;3;56,2;40,5;38,9;2020;5;MUNTELE SACELULUI;55990
55918;CLUJ;47,5;3;56,2;40,5;38,9;2020;5;SACEL;56005
59498;CLUJ;46,7;3;48,8;43,2;28,7;1335;5;SANMARTIN;59504
59498;CLUJ;46,7;3;48,8;43,2;28,7;1335;5;CEABA;59513
59498;CLUJ;46,7;3;48,8;43,2;28,7;1335;5;CUTCA;59522
59498;CLUJ;46,7;3;48,8;43,2;28,7;1335;5;DIVICIORII MARI;59531
59498;CLUJ;46,7;3;48,8;43,2;28,7;1335;5;DIVICIORII MICI;59540
59498;CLUJ;46,7;3;48,8;43,2;28,7;1335;5;MAHAL;59559
59498;CLUJ;46,7;3;48,8;43,2;28,7;1335;5;SIMBOIENI;59568
59498;CLUJ;46,7;3;48,8;43,2;28,7;1335;5;TIRGUSOR;59577
59586;CLUJ;46,4;3;56,8;40,2;49,8;2256;5;SANPAUL;59595
59586;CLUJ;46,4;3;56,8;40,2;49,8;2256;5;BERINDU;59602
59586;CLUJ;46,4;3;56,8;40,2;49,8;2256;5;MIHAIESTI;59611
59586;CLUJ;46,4;3;56,8;40,2;49,8;2256;5;SUMURDUCU;59620
59586;CLUJ;46,4;3;56,8;40,2;49,8;2256;5;SARDU;59639
59586;CLUJ;46,4;3;56,8;40,2;49,8;2256;5;TOPA MICA;59648
58008;CLUJ;45,7;3;53,2;41;44,4;3928;5;IARA;58017
58008;CLUJ;45,7;3;53,2;41;44,4;3928;5;AGRIS;58026
58008;CLUJ;45,7;3;53,2;41;44,4;3928;5;BORZESTI;58035
58008;CLUJ;45,7;3;53,2;41;44,4;3928;5;BURU;58044
58008;CLUJ;45,7;3;53,2;41;44,4;3928;5;CACOVA IERII;58053
58008;CLUJ;45,7;3;53,2;41;44,4;3928;5;FAGETU IERII;58062
58008;CLUJ;45,7;3;53,2;41;44,4;3928;5;LUNGESTI;58071
58008;CLUJ;45,7;3;53,2;41;44,4;3928;5;MASCA;58080
58008;CLUJ;45,7;3;53,2;41;44,4;3928;5;MAGURA IERII;58099
58008;CLUJ;45,7;3;53,2;41;44,4;3928;5;OCOLISEL;58106
58008;CLUJ;45,7;3;53,2;41;44,4;3928;5;SURDUC;58115
58008;CLUJ;45,7;3;53,2;41;44,4;3928;5;VALEA AGRISULUI;58124
58008;CLUJ;45,7;3;53,2;41;44,4;3928;5;VALEA VADULUI;58133
56522;CLUJ;45,2;3;52,9;40,3;43,9;2749;5;CAMARASU;56531
56522;CLUJ;45,2;3;52,9;40,3;43,9;2749;5;NAOIU;56540
56522;CLUJ;45,2;3;52,9;40,3;43,9;2749;5;SIMBOLENI;56559
56014;CLUJ;44,6;3;59,5;35,9;49,5;1306;5;BELIS;56023
56014;CLUJ;44,6;3;59,5;35,9;49,5;1306;5;BALCESTI;56032
56014;CLUJ;44,6;3;59,5;35,9;49,5;1306;5;DEALU BOTII;56041
56014;CLUJ;44,6;3;59,5;35,9;49,5;1306;5;GIURCUTA DE JOS;56050
56014;CLUJ;44,6;3;59,5;35,9;49,5;1306;5;GIURCUTA DE SUS;56069
56014;CLUJ;44,6;3;59,5;35,9;49,5;1306;5;POIANA HOREA;56078
56014;CLUJ;44,6;3;59,5;35,9;49,5;1306;5;SMIDA;56087
59130;CLUJ;44,1;3;62,7;35,2;66,4;1369;5;RECEA-CRISTUR;59149
59130;CLUJ;44,1;3;62,7;35,2;66,4;1369;5;CAPRIOARA;59158
59130;CLUJ;44,1;3;62,7;35,2;66,4;1369;5;CIUBANCA;59167
59130;CLUJ;44,1;3;62,7;35,2;66,4;1369;5;CIUBANCUTA;59176
59130;CLUJ;44,1;3;62,7;35,2;66,4;1369;5;ELCIU;59185
59130;CLUJ;44,1;3;62,7;35,2;66,4;1369;5;ESCU;59194
59130;CLUJ;44,1;3;62,7;35,2;66,4;1369;5;JURCA;59201
59130;CLUJ;44,1;3;62,7;35,2;66,4;1369;5;OSOI;59210
59130;CLUJ;44,1;3;62,7;35,2;66,4;1369;5;PUSTUTA;59229
58357;CLUJ;43,5;2;50,9;37,6;32,7;2354;5;MAGURI-RACATAU;58366
58357;CLUJ;43,5;2;50,9;37,6;32,7;2354;5;MAGURI;58375
58357;CLUJ;43,5;2;50,9;37,6;32,7;2354;5;MUNTELE RECE;58384
55776;CLUJ;43,4;2;50,2;40;45,9;1547;5;ASCHILEU MARE;55785
55776;CLUJ;43,4;2;50,2;40;45,9;1547;5;ASCHILEU MIC;55794
55776;CLUJ;43,4;2;50,2;40;45,9;1547;5;CRISTOREL;55801
55776;CLUJ;43,4;2;50,2;40;45,9;1547;5;DORNA;55810
55776;CLUJ;43,4;2;50,2;40;45,9;1547;5;FODORA;55829
55623;CLUJ;41,7;2;52,1;37,8;57,3;1161;5;ALUNIS;55632
55623;CLUJ;41,7;2;52,1;37,8;57,3;1161;5;CORNENI;55641
55623;CLUJ;41,7;2;52,1;37,8;57,3;1161;5;GHIROLT;55650
55623;CLUJ;41,7;2;52,1;37,8;57,3;1161;5;PRUNENI;55669
55623;CLUJ;41,7;2;52,1;37,8;57,3;1161;5;VALE;55678
58918;CLUJ;41,4;2;56,8;33,6;47,3;1527;5;PETRESTII DE JOS;58927
58918;CLUJ;41,4;2;56,8;33,6;47,3;1527;5;CRAESTI;58936
58918;CLUJ;41,4;2;56,8;33,6;47,3;1527;5;DELENI;58945
58918;CLUJ;41,4;2;56,8;33,6;47,3;1527;5;LIVADA;58954
58918;CLUJ;41,4;2;56,8;33,6;47,3;1527;5;PETRESTII DE MIJLOC;58963
58918;CLUJ;41,4;2;56,8;33,6;47,3;1527;5;PETRESTII DE SUS;58972
58918;CLUJ;41,4;2;56,8;33,6;47,3;1527;5;PLAIURI;58981
59238;CLUJ;39,8;2;58;30,2;33,6;1438;5;RISCA;59247
59238;CLUJ;39,8;2;58;30,2;33,6;1438;5;DEALU MARE;59256
59238;CLUJ;39,8;2;58;30,2;33,6;1438;5;LAPUSTESTI;59265
59238;CLUJ;39,8;2;58;30,2;33,6;1438;5;MARCESTI;59274
58856;CLUJ;37,2;2;48,2;32,1;32,9;1719;5;PANTICEU;58865
58856;CLUJ;37,2;2;48,2;32,1;32,9;1719;5;CATALINA;58874
58856;CLUJ;37,2;2;48,2;32,1;32,9;1719;5;CUBLESU SOMESAN;58883
58856;CLUJ;37,2;2;48,2;32,1;32,9;1719;5;DIRJA;58892
58856;CLUJ;37,2;2;48,2;32,1;32,9;1719;5;SARATA;58909
56096;CLUJ;36,5;1;47,2;34,5;57,1;1437;5;BOBILNA;56103
56096;CLUJ;36,5;1;47,2;34,5;57,1;1437;5;ANTAS;56112
56096;CLUJ;36,5;1;47,2;34,5;57,1;1437;5;BABDIU;56121
56096;CLUJ;36,5;1;47,2;34,5;57,1;1437;5;BLIDARESTI;56130
56096;CLUJ;36,5;1;47,2;34,5;57,1;1437;5;CREMENEA;56149
56096;CLUJ;36,5;1;47,2;34,5;57,1;1437;5;MAIA;56158
56096;CLUJ;36,5;1;47,2;34,5;57,1;1437;5;OSORHEL;56167
56096;CLUJ;36,5;1;47,2;34,5;57,1;1437;5;PRUNI;56176
56096;CLUJ;36,5;1;47,2;34,5;57,1;1437;5;RAZBUNENI;56185
56096;CLUJ;36,5;1;47,2;34,5;57,1;1437;5;SUARAS;56194
56096;CLUJ;36,5;1;47,2;34,5;57,1;1437;5;VILCELELE;56201
59283;CLUJ;27,9;1;53,6;24,4;32,8;1481;5;SACUIEU;59292
59283;CLUJ;27,9;1;53,6;24,4;32,8;1481;5;ROGOJEL;59309
59283;CLUJ;27,9;1;53,6;24,4;32,8;1481;5;VISAGU;59318
58990;CLUJ;25,2;1;61,7;22,1;43,2;664;5;PLOSCOS;59005
58990;CLUJ;25,2;1;61,7;22,1;43,2;664;5;CRAIRIT;59014
58990;CLUJ;25,2;1;61,7;22,1;43,2;664;5;LOBODAS;59023
58990;CLUJ;25,2;1;61,7;22,1;43,2;664;5;VALEA FLORILOR;59032
60026;CLUJ;23,7;1;56,6;42,4;31,5;923;5;VALEA IERII;60035
60026;CLUJ;23,7;1;56,6;42,4;31,5;923;5;CERC;60044
60026;CLUJ;23,7;1;56,6;42,4;31,5;923;5;PLOPI;60053
